{
	"1": 0.185255,
	"2": 0.164115,
	"3": 0.122358,
	"4": 0.103962,
	"5": 0.100316
}